{"cameraMode":{"drawMode":0,"name":"Shaded","section":"Shading Mode"},"sceneLighting":true,"audioPlay":false,"sceneViewState":{"showFog":true,"showMaterialUpdate":false,"showSkybox":true,"showFlares":true,"showImageEffects":true,"showParticleSystems":true,"showVisualEffectGraphs":true,"m_FxEnabled":true},"in2DMode":false,"pivot":{"x":29.122833251953126,"y":-20.006019592285158,"z":-12.347856521606446},"rotation":{"x":0.14532312750816346,"y":0.8451752662658691,"z":-0.4259337782859802,"w":0.28836143016815188},"size":16.639902114868165,"orthographic":false}